name,ticker,image,link,round,total_raised,pre_valuation,categories,date,ecosystem,investor_1,investor_2,investor_3,investor_4,investor_5,investor_6,investor_7,investor_8
"Katana","KAT","https://icodrops.com/media/cache/62/f8/62f82f9c628e7d2e35de3c8b1aeeb19f.webp","https://icodrops.com/katana/","Binance Wallet Airdrop","—","—","Blockchain","9d left","","","","","","","","",""
"Avantis","AVNT","https://icodrops.com/media/cache/e0/10/e01027e560f575f8fb06d6b2e1c2e36a.webp","https://icodrops.com/avantis/","Airdrop","$12 M","$154 M","Perpetual","22d left","","Pantera Capital","Founders Fund","Galaxy","More Details","Ethereum","","",""
"Sproto Gremlins","","https://icodrops.com/media/cache/e2/b5/e2b5ac2bd9efd0d9ec66ba985ea8467c.webp","https://icodrops.com/sproto-gremlins/","NFT Sale","—","—","NFT","from Q2, 2023","","Ethereum","","","","","","",""
"EigenLayer","","https://icodrops.com/media/cache/fc/34/fc34b390a77ed3c664ed745da7539310.webp","https://icodrops.com/eigenlayer/","Points Farming","$234.4 M","$317.46 M","Liquid Staking Prot…","from Jun 14, 2023","","Andreessen Horowitz (a16z)","Blockchain Capital","Electric Capital","More Details","Ethereum","","",""
"Marginfi","MRGN","https://icodrops.com/media/cache/52/f8/52f8bb84339ce4d6c2c712cd8a7c8f63.webp","https://icodrops.com/marginfi/","Points Farming","$3 M","$100 M","Lending Platform","from Jul 3, 2023","","Multicoin Capital","Pantera Capital","Ryze Labs (Sino Global Capital)","More Details","Solana","","",""
"Worldcoin","WLD","https://icodrops.com/media/cache/41/38/41385c743b046f29ba236da84165db61.webp","https://icodrops.com/worldcoin/","Incentive Activities","$375 M","$3.73 B","Artificial Intellig…","from Jul 23, 2023","","1confirmation","Andreessen Horowitz (a16z)","a16z crypto CSX","More Details","Ethereum","Optimism","",""
"Project AEON","","https://icodrops.com/media/cache/3c/c7/3cc71dc0b29d10b698743c0148d0832f.webp","https://icodrops.com/project-aeon/","NFT Sale","—","—","NFT","from Nov 20, 2023","","","","","","","","",""
"INIT Capital","","https://icodrops.com/media/cache/20/1e/201e33aecc5783500cee8ab5c321571a.webp","https://icodrops.com/init-capital/","Points Farming","$3 M","$50 M","DeFi","from Dec 11, 2023","","Electric Capital","Bankless","Faction","More Details","Blast","Mantle","",""
"Kelp DAO","KEP","https://icodrops.com/media/cache/f3/82/f382420d16873478a99c6cd93cbb36b8.webp","https://icodrops.com/kelp-dao/","Points Farming","$9 M","$90 M","Platform","from Dec 12, 2023","","DWF Labs","Bankless","HTX Ventures (previously Huobi Ventures)","More Details","Ethereum","","",""
"CVEX","CVEX","https://icodrops.com/media/cache/7c/3b/7c3bf3d318504603c447ac31b0e8ac31.webp","https://icodrops.com/cvex/","Incentivized Activities","$7 M","—","DeFi","from Dec 23, 2023","","Fabric Ventures","FiveT Fintech","FunFair Ventures","More Details","","","",""
"Black Panther","BLACK","https://icodrops.com/media/cache/00/6e/006eefd291af3bb023502213eb1ab887.webp","https://icodrops.com/black-panther/","Incentivized Activities","—","$1.32 M","DeFi","from Dec 26, 2023","","Taureon","CSP DAO","DojoSwap","More Details","Injective Protocol","","",""
"Kalshi","","https://icodrops.com/media/cache/38/53/385320095c742ff47898e9be57811046.webp","https://icodrops.com/kalshi/","Possible Retrodrop","$1.49 B","$11 B","Predictions","from Q1, 2024","","Andreessen Horowitz (a16z)","Multicoin Capital","Paradigm","More Details","","","",""
"Polymarket","","https://icodrops.com/media/cache/e3/d3/e3d38e55ee7adc6c26031ae0cfb8a8bb.webp","https://icodrops.com/polymarket/","Possible Retrodrop","$2.28 B","$9 B","DeFi","from Q1, 2024","","1confirmation","Balaji Srinivasan","Blockchain Capital","More Details","","","",""
"Eigenpie SubDAO","EGP","https://icodrops.com/media/cache/43/b7/43b7e1a6a38b05a0069a7693926bcebb.webp","https://icodrops.com/eigenpie-subdao/","Points Farming","—","$411.7 K","DeFi","from Jan 22, 2024","","Robot Ventures","Sam Kazemian","Akshat Vaidya","More Details","Ethereum","","",""
"Partisia Blockchain","MPC","https://icodrops.com/media/cache/a4/27/a42743e9b9d9894b70e1101bfcef56ec.webp","https://icodrops.com/partisia-blockchain/","Airdrop","$53.9 M","$7.74 M","Blockchain Service","from Feb 1, 2024","","BitScale Capital","Gate.io","Kosmos Ventures","More Details","","","",""
"Puffer Finance","PUFFER","https://icodrops.com/media/cache/ce/b5/ceb54e5ecf61b1a4568410a0e36bb54e.webp","https://icodrops.com/puffer-finance/","Points Farming","$24.27 M","$26.16 M","Liquid Staking Prot…","from Feb 1, 2024","","YZi Labs (prev Binance Labs)","Brevan Howard","Electric Capital","More Details","Ethereum","","",""
"Mantle","MNT","https://icodrops.com/media/cache/7f/27/7f27cd7be00921232c33d5c5399a0545.webp","https://icodrops.com/mantle/","Points Farming","—","$4.19 B","Layer-2","from Feb 25, 2024","","Ethereum","","","","","","",""
"Agent Exchange","","https://icodrops.com/media/cache/36/5e/365e652fbd1c96d58e894affe10c0104.webp","https://icodrops.com/agent-exchange/","Points Farming","$1 M","—","DeFi","from Feb 27, 2024","","Caladan (Alphalab)","cygaar","David Choi","More Details","","","",""
"Aark Digital","AARK","https://icodrops.com/media/cache/d2/22/d22284c29db202cb21b8212bb1a4df85.webp","https://icodrops.com/aark-digital/","Incentivized Activities","$6 M","$776.33 K","Perpetual","from Mar 4, 2024","","Delphi Digital (Delphi Labs)","Arrington Capital","HashKey Capital","More Details","Arbitrum","","",""
"Edu3Labs","NFE","https://icodrops.com/media/cache/2b/28/2b28a9fa1daa8e89edf92b5e1ad3ac8f.webp","https://icodrops.com/edu3labs/","IDO on GameFi","—","$27 M","Education","from Q1, 2024","","ConsenSys","Animoca Brands","PayCoin Capital","More Details","Binance coin","","",""
"Zircuit","","https://icodrops.com/media/cache/ad/d0/add002e0cc8a1a60b9f8fdfa2154c3e4.webp","https://icodrops.com/zircuit/","Points Farming","—","$17.63 M","Layer-2","from Mar 14, 2024","","YZi Labs (prev Binance Labs)","Amber Group","Selini Capital","More Details","Ethereum","","",""
"Tanuki","TANUPAD","https://icodrops.com/media/cache/5e/ca/5eca96b784be69e8de03c6701348ed21.webp","https://icodrops.com/tanuki/","Presale","$504.18 K","$14 M","Launchpad","from Apr 1, 2024","","Solana","","","","","","",""
"Heurist","HEU","https://icodrops.com/media/cache/8f/44/8f44dca00f5275df00b048f31892f400.webp","https://icodrops.com/heurist/","Points Farming","$2 M","$6.91 M","DePIN","from Apr 1, 2024","","Amber Group","Manifold Trading","Selini Capital","More Details","","","",""
"StakeLayer","STAKE","https://icodrops.com/media/cache/9a/0a/9a0a40338c4f713488bfcb1433bc6208.webp","https://icodrops.com/stakelayer/","Presale","—","$157.96 K","Liquid Staking Prot…","from Apr 3, 2024","","Bitcoin","","","","","","",""
"IvendPay","IVPAY","https://icodrops.com/media/cache/ed/10/ed10999e446eb27dd42fe1035a93c78b.webp","https://icodrops.com/ivendpay/","IDO on SeaPad","$4.2 M","$679.2 K","BNB Chain Ecosystem","from Q2, 2024","","","","","","","","",""
"Karak","","https://icodrops.com/media/cache/94/0c/940c33aa263f0210a9aaa4d0de7c5fd8.webp","https://icodrops.com/karak/","Points Farming","$48 M","$1 B","Layer-2","from Apr 8, 2024","","Bain Capital Ventures","Framework Ventures","Lightspeed Venture Partners","More Details","Ethereum","Own","",""
"RaysX","RAX","https://icodrops.com/media/cache/ac/e7/ace76bda0a8c50f675bb32075a34b613.webp","https://icodrops.com/raysx/","Community Sale","$250 K","$6.25 M","DeFi","from Apr 10, 2024","","Binance coin","Ethereum","","","","","",""
"Mezo","","https://icodrops.com/media/cache/72/d5/72d5c31feef0a4df90207a1a5877c144.webp","https://icodrops.com/mezo/","Points Farming","$28.5 M","—","Blockchain","from Apr 11, 2024","","Multicoin Capital","Pantera Capital","Draper Associates","More Details","","","",""
"SatoshiSync","SSCN","https://icodrops.com/media/cache/37/89/3789f6ade0aa0494253c1acd6439fa50.webp","https://icodrops.com/satoshisync/","IDO on Ape Terminal","—","—","DeFi","from Q2, 2024","","ZBS Capital","Candaq Fintech Group","ChainLink","More Details","Ethereum","","",""
"Bored Slot","","https://icodrops.com/media/cache/c5/79/c5798051f5cf8265c4dff0eb1a9f572d.webp","https://icodrops.com/bored-slot/","Incentivized Activities","$10 M","—","Gambling","from Apr 12, 2024","","LD Capital","Plutus VC","","","","","",""
"Cellula","","https://icodrops.com/media/cache/1a/d1/1ad122b30f8d169285a0059134c9e096.webp","https://icodrops.com/cellula/","Incentivized Activities","$2 M","$9.2 K","Gaming","from Apr 14, 2024","","YZi Labs (prev Binance Labs)","OKX Ventures","SevenX Ventures","More Details","","","",""
"Zoth","ZOTH","https://icodrops.com/media/cache/fb/ce/fbce0bff1c795ca411111bbf787288e2.webp","https://icodrops.com/zoth/","Incentivized Activities","$21.5 M","—","DeFi","from Apr 16, 2024","","Momentum 6","Outlier Ventures","Borderless Capital","More Details","Ethereum","","",""
"BITBRAWL","BRAWL","https://icodrops.com/media/cache/3c/64/3c642438f17af24eecf0e18e434b1115.webp","https://icodrops.com/bitbrawl/","Public Sale","$3 M","$5.5 K","Gaming","from Q2, 2024","","Morningstar Ventures","Big Brain Holdings","Shima Capital","","","","",""
"Plena","PLENA","https://icodrops.com/media/cache/82/0d/820dad1384d5ff76af6d4966c9e280f2.webp","https://icodrops.com/plena/","IDO on Decubate","$7.75 M","$164.1 K","Wallet","from Q2, 2024","","ConsenSys","Big Brain Holdings","Boxmining","More Details","Polygon (prev. Matic Network)","","",""
"Oxya Origin","OXYZ","https://icodrops.com/media/cache/11/5a/115a3e405188e238a170b8069d15389d.webp","https://icodrops.com/oxya-origin/","IDO on GameFi","$1.41 M","$487.1 K","Gaming","from Q2, 2024","","Binance coin","","","","","","",""
"Plots Finance","PLOTS","https://icodrops.com/media/cache/86/50/865080e54cbbec3ae59a12892f3d614e.webp","https://icodrops.com/plots-finance/","IDO on Seedify","—","—","Gaming","from Q2, 2024","","Ethereum","","","","","","",""
"OPZ","OPZ","https://icodrops.com/media/cache/1b/02/1b029b5c32ce92a9f0eeeffa3a61771e.webp","https://icodrops.com/opz/","Presale","$865 K","$39.92 M","DeFi","from May 1, 2024","","Ethereum","","","","","","",""
"Outlanders","LAND","https://icodrops.com/media/cache/3d/38/3d38c126f965d83b4b6bf3e109cb54ca.webp","https://icodrops.com/outlanders/","IDO on Poolz","—","$24 M","Gaming","from Q2, 2024","","Binance coin","","","","","","",""
"Aggregata","","https://icodrops.com/media/cache/ba/be/babeea8016eddf4fe91cadac2421399b.webp","https://icodrops.com/aggregata/","Incentive Activities","$4 M","$2.97 M","Artificial Intellig…","from May 6, 2024","","YZi Labs (prev Binance Labs)","Manifold Trading","Maelstrom","More Details","","","",""
"Hydro Protocol","HDRO","https://icodrops.com/media/cache/8f/75/8f75db7511de31bea49b7751fe53d29d.webp","https://icodrops.com/hydro-protocol-2/","Public Sale","—","$1.41 M","DeFi","from Q2, 2024","","SkyVision Capital","Black Dragon","Taureon","More Details","Injective Protocol","","",""
"Superform","UP","https://icodrops.com/media/cache/fd/94/fd94fbc1a5f2e58eb75007447bc9ba6d.webp","https://icodrops.com/superform/","Points Farming","$12.92 M","$37.68 M","Neobank","from May 9, 2024","+5","Polychain Capital","Amber Group","Strobe (Prev. BlockTower Capital)","More Details","Binance coin","Optimism","FANTOM","More Details"
"Taiko","TAIKO","https://icodrops.com/media/cache/af/68/af68cc07bf1414ad805d58de62a04b26.webp","https://icodrops.com/taiko/","Incentivized Activities","$37 M","$114.1 M","Layer-2","from May 21, 2024","","Lightspeed Venture Partners","HongShan (ex-Sequoia China)","Hashed","More Details","Taiko","","",""
"CV Pad","CVPAD","https://icodrops.com/media/cache/df/4b/df4bcd3c849de34d72113f20d79ca1ce.webp","https://icodrops.com/cv-pad/","Launchpad on CVPad","$2.97 M","$20 M","Launchpad","from May 23, 2024","","","","","","","","",""
"PlayDoge","PLAY","https://icodrops.com/media/cache/75/37/75374c6f69e681ad0eee84898c96bae9.webp","https://icodrops.com/playdoge/","Presale","$5.79 M","$48.88 M","Play-To-Earn","from Q2, 2024","","","","","","","","",""
"Aperture Finance","APT","https://icodrops.com/media/cache/42/27/4227b10e1108a9cd1acb48baec48975e.webp","https://icodrops.com/aperture-finance/","Airdrop","$12 M","$19.24 K","DeFi","from May 31, 2024","","Arrington Capital","Divergence Ventures","ParaFi Capital","More Details","","","",""
"Solana VM","SVM","https://icodrops.com/media/cache/ec/9f/ec9f51a241dd0d4eee0a68f529678c4c.webp","https://icodrops.com/solana-vm/","Public Sale","$3.87 M","$74.56 M","DeFi","from Q2, 2024","","Solana","","","","","","",""
"Nubit","","https://icodrops.com/media/cache/5e/b8/5eb8100db8bb2a6d837e2cb2d39ad445.webp","https://icodrops.com/nubit/","Incentivized Activities","$11 M","—","Infrastructure","from Jun 8, 2024","","Polychain Capital","OKX Ventures","The Spartan Group","More Details","Bitcoin","","",""
"AI Arena","","https://icodrops.com/media/cache/75/28/75281ee0d87e83e56de1f39be8ec23f9.webp","https://icodrops.com/ai-arena/","Airdrop","$11 M","$34.2 M","Gaming","from Jun 8, 2024","","Framework Ventures","Paradigm","SevenX Ventures","More Details","","","",""
"Mellow Protocol","","https://icodrops.com/media/cache/59/50/59505992fdaa44d76a9daf412b01a474.webp","https://icodrops.com/mellow-protocol/","Points Farming","$2.75 M","$70 M","Liquid Staking Prot…","from Jun 11, 2024","","Arrington Capital","Lemniscap","ParaFi Capital","More Details","Symbiotic","Ethereum","",""
"Symbiotic","","https://icodrops.com/media/cache/60/cc/60ccf2a4318b7bc52b50cc7fbcf01685.webp","https://icodrops.com/symbiotic/","Points Farming","$34.8 M","$300 M","Liquid Staking Prot…","from Jun 11, 2024","","Pantera Capital","Paradigm","Coinbase Ventures","More Details","Ethereum","","",""
"BitDoge","BITDOGE","https://icodrops.com/media/cache/55/dd/55dd5a34cf80c079d27afca9e6bdbde0.webp","https://icodrops.com/bitdoge/","Presale","$1.06 M","$54.9 M","Memecoin","from Jun 24, 2024","","Bitcoin","","","","","","",""
"Conduit","","https://icodrops.com/media/cache/4c/03/4c03b9a7d8106e284614748bec2556e8.webp","https://icodrops.com/conduit/","Retrodrop","$44 M","—","Platform","from Jun 25, 2024","","Paradigm","Bankless","Coinbase Ventures","More Details","","","",""
"ORA (Hyper Oracle)","","https://icodrops.com/media/cache/c5/3c/c53c95a3c3255328bd21c700d2626849.webp","https://icodrops.com/hyper-oracle/","Points Farming","$23 M","—","Infrastructure","from Jul 2, 2024","","Polychain Capital","HongShan (ex-Sequoia China)","HashKey Capital","More Details","Ethereum","","",""
"Kakarot zkEVM","","https://icodrops.com/media/cache/39/18/3918d31d1d0e0dceb4eaa50ab35a295e.webp","https://icodrops.com/kakarot-zkevm/","Testnet Airdrop","—","—","Layer-2","from Jul 4, 2024","","Vitalik Buterin","CMS Holdings","Fenbushi Capital","More Details","Ethereum","StarkNet","",""
"Fuel Network","FUEL","https://icodrops.com/media/cache/7d/8d/7d8d44d26af58c3ae25009408aec98df.webp","https://icodrops.com/fuel-network/","Points Farming","$90.9 M","$11.64 M","Layer-2","from Jul 8, 2024","","Bain Capital Ventures","Blockchain Capital","CoinFund","More Details","Fuel Network","","",""
"Crudo Protocol","CRUDO","https://icodrops.com/media/cache/bd/f0/bdf0ad34d819b76bdcbc829f876ac6e9.webp","https://icodrops.com/crudo-protocol/","Presale","$423 K","$9 M","Blockchain Platform","from Q3, 2024","","Binance coin","","","","","","",""
"OKX","OKB","https://icodrops.com/media/cache/7d/c9/7dc9ac3329c9b09b2aa2d045b70cc8aa.webp","https://icodrops.com/okx/","Play to Earn","—","$25 M","Exchange","from Jul 22, 2024","","Intercontinental Exchange","","","","","","",""
"Reddio","","https://icodrops.com/media/cache/d7/91/d79121034d2fae19d7ebb15968bc0c9d.webp","https://icodrops.com/reddio/","Points Farming","—","$882.7 K","Layer-2","from Aug 12, 2024","","Paradigm","Arena Holdings","Contribution Capital","More Details","","","",""
"ChainGPT","CGPT","https://icodrops.com/media/cache/07/45/0745b2a1472b6d5c6391827a3d6a6b82.webp","https://icodrops.com/chaingpt/","Tap-to-Earn","$1.91 M","$20.89 M","Artificial Intellig…","from Sep 4, 2024","","YAY Network","","","","","","",""
"Level","","https://icodrops.com/media/cache/e1/70/e17038833e22911f582a532b1416f7be.webp","https://icodrops.com/level-2/","Point System Activity","$6.2 M","—","DeFi","from Sep 10, 2024","","Balaji Srinivasan","Polychain Capital","Dragonfly Capital","More Details","","","",""
"Gradient Network","","https://icodrops.com/media/cache/c1/ff/c1ff90dfc192734201dbb1404ffefc9d.webp","https://icodrops.com/gradient-network/","Airdrop","$10 M","—","Infrastructure","from Sep 12, 2024","","Multicoin Capital","Pantera Capital","HongShan (ex-Sequoia China)","","","","",""
"U2U Network (Unicorn Ultra)","U2U","https://icodrops.com/media/cache/55/2d/552d1d4a61b6c4e6f5bfc13627519754.webp","https://icodrops.com/u2u-unicorn-ultra/","Airdrop","$23.8 M","$8 M","DePIN","from Sep 15, 2024","","Chain Capital","IDG Capital","Cointelegraph","More Details","","","",""
"KuCoin","","https://icodrops.com/media/cache/e7/aa/e7aa96af253bf2e29e0414815368ca99.webp","https://icodrops.com/kucoin/","Tap-to-Earn","$45 M","$1.11 B","CEX","from Sep 15, 2024","","IDG Capital","Matrix Partners","NEO","","","","",""
"Binance coin","BNB","https://icodrops.com/media/cache/2d/2b/2d2b7b10509608b80da8d8a8581504f3.webp","https://icodrops.com/binancecoin/","Tap-to-Earn","$35 M","$84.5 B","Blockchain","from Sep 17, 2024","","Sequoia Capital","Black Hole Capital","Chandler Guo","More Details","","","",""
"Open Campus","EDU","https://icodrops.com/media/cache/c5/ab/c5abbecb6a45a11bae4b863aea7ed3ac.webp","https://icodrops.com/open-campus/","Incentivized Testnet","$10.65 M","$97.45 M","Education","from Sep 25, 2024","","YZi Labs (prev Binance Labs)","HongShan (ex-Sequoia China)","Animoca Brands","More Details","Ethereum","Polygon (prev. Matic Network)","",""
"CratD2C","CRATD2C","https://icodrops.com/media/cache/af/c6/afc6163d1f51b6e5a4ab14dc3c9d8879.webp","https://icodrops.com/cratd2c/","ICO","$1.21 M","$160 M","Blockchain","from Sep 30, 2024","","Binance coin","","","","","","",""
"Diamante","","https://icodrops.com/media/cache/c8/27/c82768e3e64b9c2e33d5a520678aca12.webp","https://icodrops.com/diamante/","Retroactive Airdrop","$750 K","—","Blockchain","from Oct 3, 2024","","","","","","","","",""
"Babylon","","https://icodrops.com/media/cache/09/62/09627a4df762c6d9e804627e1dd63ef4.webp","https://icodrops.com/babylon/","Points Farming","$108.3 M","$125 M","Blockchain","from Oct 8, 2024","","Andreessen Horowitz (a16z)","YZi Labs (prev Binance Labs)","Framework Ventures","More Details","Bitcoin","","",""
"Tiny Verse","","https://icodrops.com/media/cache/c5/60/c5601519211f0193fb5dce83b55aa869.webp","https://icodrops.com/tiny-verse/","Tap-to-Earn","—","—","Gaming","from Nov 18, 2024","","The Open Network","","","","","","",""
"Balance","EPT","https://icodrops.com/media/cache/57/4b/574b08e359932a3c655341e1df8ccf45.webp","https://icodrops.com/balance/","Node Sale Round","$40 M","$7.97 M","Gaming","from Nov 26, 2024","","Andreessen Horowitz (a16z)","DWF Labs","Amber Group","More Details","","","",""
"Impossible Cloud","ICNT","https://icodrops.com/media/cache/0f/3a/0f3a22416fbdb0a2c002117725cd9d0b.webp","https://icodrops.com/impossible-cloud/","Node Sale Round","$11 M","—","Platform","from Dec 5, 2024","","","","","","","","",""
"Ringfence","","https://icodrops.com/media/cache/d2/de/d2de593b8ad93c1c5a17e5acd0c51d56.webp","https://icodrops.com/ringfence/","Node Sale Round","$1.5 M","$100.4 K","Blockchain Service","from Dec 12, 2024","","Morningstar Ventures","Rarestone Capital","Spark Digital Capital","More Details","","","",""
"OpenLoop","OPL","https://icodrops.com/media/cache/8d/0d/8d0d8056934d52df51f6c388723d80e6.webp","https://icodrops.com/openloop/","Node Sale Round","$15 M","$2.41 K","Blockchain Service","from Dec 18, 2024","","IPN Foundation","","","","","","",""
"Musicdibs","DIBS","https://icodrops.com/media/cache/bd/ab/bdabb77ab359008f6c4f56d7ca10fe68.webp","https://icodrops.com/musicdibs/","Presale Round 2","$275 K","$5.5 M","DePin","from Jan 1, 2025","","Solana","","","","","","",""
"PepeArab","PEAB","https://icodrops.com/media/cache/62/f5/62f52b9d39d28ed5e499b9b5b76c8c03.webp","https://icodrops.com/pepearab/","Presale","$310 K","$10 M","Memecoin","from Jan 25, 2025","","Solana","Ethereum","","","","","",""
"Abstract","","https://icodrops.com/media/cache/9a/30/9a30451ee8ccffe16bf2f81ac898f4a5.webp","https://icodrops.com/abstract/","Incentivized Activities","—","—","Layer-2","from Jan 27, 2025","","Electric Capital","0xMaki","Igloo","More Details","","","",""
"Aten7","","https://icodrops.com/media/cache/2f/9a/2f9affd2ec76986261ab5b6ab6be1435.webp","https://icodrops.com/aten7/","Public Sale","$500 K","—","Gaming","from Feb 5, 2025","","","","","","","","",""
"Unichain","","https://icodrops.com/media/cache/11/cc/11cc9b6d09b8e4d8dd7a445a0c667ae3.webp","https://icodrops.com/unichain/","Airdrop","—","—","Blockchain","from Feb 11, 2025","","Unichain","","","","","","",""
"Arcium (Elusiv)","","https://icodrops.com/media/cache/59/f6/59f65164bb36e5c316f04e5a4a4c953a.webp","https://icodrops.com/arcium/","Testnet","$10 M","$200 M","Blockchain Service","from Feb 21, 2025","","Jump Crypto","Coinbase Ventures","Moonrock Capital","More Details","","","",""
"Linera","","https://icodrops.com/media/cache/c5/b8/c5b888b447328f43e085fbd42d3f5736.webp","https://icodrops.com/linera/","Testnet","$12 M","—","Infrastructure","from Apr 17, 2025","","Andreessen Horowitz (a16z)","Tribe Capital","Eterna Capital","More Details","","","",""
"Nirvana (Parallel Finance)","","https://icodrops.com/media/cache/3e/3d/3e3d162663833fa1946768753704b07d.webp","https://icodrops.com/nirvana-finance/","Node Sale Round","$34 M","$49.64 M","Lending Platform","from Q2, 2025","","Lightspeed Venture Partners","Pantera Capital","Polychain Capital","More Details","","","",""
"CUDIS","","https://icodrops.com/media/cache/c4/f7/c4f75d20507427e32e42137aa2a68403.webp","https://icodrops.com/cudis/","Presale","$5 M","$7.37 M","Blockchain Service","from May 13, 2025","","Draper Associates","Draper Dragon","NGC Ventures","More Details","Solana","","",""
"RabitiAI","RIAI","https://icodrops.com/media/cache/2f/de/2fde049408e8d55ba9cc3c97e1c2ebb4.webp","https://icodrops.com/rabitiai/","Airdrop","$15.34 M","$99.2 M","Blockchain Service","from May 20, 2025","","D5Wav","Nortiyus","","","","","",""
"OpenSea","SEA","https://icodrops.com/media/cache/9d/05/9d054bd7c25638544779f0daf9e5aab7.webp","https://icodrops.com/opensea/","Airdrop","—","—","NFT marketplace","from May 29, 2025","","","","","","","","",""
"PrismaX","","https://icodrops.com/media/cache/01/d1/01d1bace918087221228234fa4575f0b.webp","https://icodrops.com/prismax/","Incentivized Activities","$11 M","—","Artificial Intellig…","from Jun 3, 2025","","a16z crypto CSX","Volt Capital","Blockchain Builders Fund","More Details","","","",""
"DeXRP","DXP","https://icodrops.com/media/cache/d4/21/d4218281145fad5b789f668b7a824980.webp","https://icodrops.com/dexrp/","Incentivized Activities","$4.33 M","$19.94 M","DeFi","from Q2, 2025","","Solana","Ethereum","","","","","",""
"Nansen","NSN","https://icodrops.com/media/cache/ad/c2/adc2c4748bdaa9d4f7802a9205ee2355.webp","https://icodrops.com/nansen/","Incentivized Activities","$88.2 M","—","Blockchain Service","from Jun 17, 2025","","Andreessen Horowitz (a16z)","BitScale Capital","Coinbase Ventures","More Details","","","",""
"Nexus Laboratories","","https://icodrops.com/media/cache/3f/f9/3ff952ca21de31a6f281e8fa13969560.webp","https://icodrops.com/nexus-laboratories/","Testnet","$25 M","—","Infrastructure","from Jun 24, 2025","","Lightspeed Venture Partners","Pantera Capital","Dragonfly Capital","More Details","","","",""
"Reveel","REVA","https://icodrops.com/media/cache/8e/b6/8eb6de72a7e66cd700974efcee102e79.webp","https://icodrops.com/reveel/","Binance Wallet Booster Program","$1.5 M","$10 M","Blockchain Service","from Aug 14, 2025","","YZi Labs (prev Binance Labs)","AccVentures","Connectico Capital","More Details","","","",""
"CAP","","https://icodrops.com/media/cache/85/fd/85fd9267ef82077ec0981896538db1ed.webp","https://icodrops.com/cap-3/","Points Farming","$9.9 M","—","DeFi","from Aug 18, 2025","","Fernando Martinelli","Selini Capital","Bryan Pellegrino","More Details","","","",""
"Holoworld AI","HOLO","https://icodrops.com/media/cache/7b/53/7b53cca0d8714b029aca00af4a552028.webp","https://icodrops.com/holoworld-ai/","Binance Wallet Booster Program","$100 K","$123.76 M","Launchpad","from Sep 2, 2025","","","","","","","","",""
"Yield Basis","YB","https://icodrops.com/media/cache/58/67/586759bc74667546ce409bc7da8c1559.webp","https://icodrops.com/yield-basis/","Liquidity Mining","$12.5 M","$159 M","DeFi","from Sep 24, 2025","","Ethereum","","","","","","",""
"DexToro","DTR","https://icodrops.com/media/cache/d0/7d/d07d394c38fb6b95290788ec4ec50bf9.webp","https://icodrops.com/dextoro/","Presale","$268 K","$340 M","DeFi","from Oct 24, 2025","","Solana","","","","","","",""
"Arc","","https://icodrops.com/media/cache/53/9d/539d7b326bbd9c13118fc7f8f8c26db6.webp","https://icodrops.com/arc/","Testnet","—","—","Blockchain","from Oct 28, 2025","","","","","","","","",""
"Codex","","https://icodrops.com/media/cache/8e/63/8e637236cbfe7bd1789b5864cb2794cb.webp","https://icodrops.com/codex-2/","Possible Retrodrop","$15.8 M","—","Infrastructure","from Nov 14, 2025","","Coinbase Ventures","Cumberland","Dragonfly Capital","More Details","","","",""
"HyperSignals","","https://icodrops.com/media/cache/40/e9/40e9aa155eb8d694bd0d0f5f099abad0.webp","https://icodrops.com/hypersignals/","Incentivized Activities","—","—","Trading","from Dec 25, 2025","","","","","","","","",""
"ZNS Connect","ZNS","https://icodrops.com/media/cache/6a/f6/6af64bee3eecffe8fa860a8d948dc3d0.webp","https://icodrops.com/zns-connect/","Pre-Sale Phase 3","—","$16 M","Web 3.0","from Q4, 2025","","Ethereum","","","","","","",""
"SUBBD","SUBBD","https://icodrops.com/media/cache/20/60/206027f36e42971534fa1f1ca2dbe9c1.webp","https://icodrops.com/subbd/","Presale","$1.39 M","$56.85 M","Blockchain Service","from Dec 31, 2025","","Ethereum","","","","","","",""
"Probable","","https://icodrops.com/media/cache/54/f0/54f090c5c5a1b8dac00ea5a0396594f8.webp","https://icodrops.com/probable/","Incentivized Activities","—","—","Predictions","from Jan 12, 2026","","YZi Labs (prev Binance Labs)","PancakeSwap","Predict.fun","Binance coin","","","",""
"Unitas","UP","https://icodrops.com/media/cache/8e/c3/8ec320da57d1384c574231c55bfdb728.webp","https://icodrops.com/unitas/","Binance Wallet Booster Program","—","$5 M","Stablecoin Protocol","from Jan 12, 2026","","","","","","","","",""
"OpenGradient","","https://icodrops.com/media/cache/0c/54/0c54e11dfa65322245667abccfb8d783.webp","https://icodrops.com/opengradient/","Incentivized Activities","$8.5 M","—","Infrastructure","from Q1, 2026","","Andreessen Horowitz (a16z)","Balaji Srinivasan","Coinbase Ventures","More Details","","","",""
"Archer","","https://icodrops.com/media/cache/68/92/68923b4b16de05d2a1a1fa71c0a2f15a.webp","https://icodrops.com/archer/","Incentivized Activities","—","—","DEX","Active","","Solana","","","","","","",""
"Raiku","","https://icodrops.com/media/cache/4e/a2/4ea2a4dfb4169843f160491342c3dc6f.webp","https://icodrops.com/raiku/","Incentivized Activities","$13.5 M","—","Infrastructure","Active","","Jump Crypto","Pantera Capital","Faction","More Details","","","",""
"Mendel","MENDEL","https://icodrops.com/media/cache/56/a4/56a417ee73562003415d6cb0de811e3e.webp","https://icodrops.com/mendel/","Early Incentives","—","—","Blockchain","Active","","","","","","","","",""
"Konnex","","https://icodrops.com/media/cache/3d/8a/3d8abd2a3fc36174ac112d02553019c7.webp","https://icodrops.com/konnex/","Incentivized Activities","$15 M","—","Blockchain Service","Active","","LD Capital","Cogitent Ventures","Covey","More Details","","","",""
"Ozak AI","OZ","https://icodrops.com/media/cache/1a/e3/1ae333168c8cda77e45f5516f936a08a.webp","https://icodrops.com/ozak-ai/","Presale","$5.72 M","—","Prediction","Active","","","","","","","","",""
"Cascade","","https://icodrops.com/media/cache/b6/7a/b67ab57dc2929e7694ab42e5d1ad1a1f.webp","https://icodrops.com/cascade/","Incentivized Activities","$15 M","—","CEX","Active","","Polychain Capital","Variant","Coinbase Ventures","More Details","","","",""
"Nado","","https://icodrops.com/media/cache/aa/52/aa52182e6c7537ea148391053425a3ec.webp","https://icodrops.com/nado/","Incentivized Activities","—","—","DEX","Active","","","","","","","","",""
"Billions Network","","https://icodrops.com/media/cache/9e/80/9e805d277ef841bc0afdc50e3ba5d800.webp","https://icodrops.com/billions-network/","Airdrop","$30 M","—","Blockchain Service","Active","","Polychain Capital","BITKRAFT Ventures","Coinbase Ventures","More Details","","","",""
"DataHive","","https://icodrops.com/media/cache/d8/02/d80272d810ab3cab01e313ddb1f43434.webp","https://icodrops.com/datahive/","Incentivized Activities","$3.5 M","—","Blockchain Service","Active","","6MV (6th Man Ventures)","Alliance","Solana Ventures","More Details","","","",""
"Tempo","","https://icodrops.com/media/cache/98/a5/98a53245686bdf84dabf7ea0754bbe03.webp","https://icodrops.com/tempo/","Testnet","$500 M","$5 B","Blockchain","Active","","Paradigm","Sequoia Capital","SV Angel","More Details","","","",""
"SOAR","","https://icodrops.com/media/cache/fb/49/fb496905b76a1369a49b063ca2232f47.webp","https://icodrops.com/soar-2/","Incentivized Activities","—","—","Investment","Active","","Solana","","","","","","",""
"Seeker (Solana Mobile)","SKR","https://icodrops.com/media/cache/2b/3b/2b3bc2d319b18c5e505dfaf5b94e8e37.webp","https://icodrops.com/seeker-solana-mobile/","Airdrop","—","$238.32 M","Infrastructure","Active","","Solana","","","","","","",""
"Espresso Systems","ESP","https://icodrops.com/media/cache/53/4d/534d5b697bef17cfd0708fc6ce2760c5.webp","https://icodrops.com/espresso-systems/","Airdrop","$60 M","$421.47 M","Infrastructure","Active","","Andreessen Horowitz (a16z)","Blockchain Capital","Electric Capital","More Details","","","",""
"Kyuzo's Friends","","https://icodrops.com/media/cache/73/ba/73ba90467a988a0c4c59ea5c8c5fb0dd.webp","https://icodrops.com/kyuzos-friends/","Game Rewards","$11 M","$12.64 M","Gaming","Active","","Chain Capital","LBank Ventures","DeAgentAI","More Details","SUI","","",""
"CCP Games","","https://icodrops.com/media/cache/91/cb/91cb9ab5166e3bf9d4128c802d6d6c81.webp","https://icodrops.com/ccp-games/","Incentivized Activities","$40 M","—","Gaming","Active","","Andreessen Horowitz (a16z)","BITKRAFT Ventures","Hashed","More Details","","","",""
"Caffeine","","https://icodrops.com/media/cache/6d/c4/6dc4cb412e79a16c39ae11d9d9370355.webp","https://icodrops.com/caffeine/","Possible Retrodrop","—","—","Artificial Intellig…","Active","","Solana","","","","","","",""
"Mandala Chain","KPG","https://icodrops.com/media/cache/f8/ad/f8adad94722f00006548b1db2138cf93.webp","https://icodrops.com/mandala-chain/","Public Sale","$1 M","$29 M","Blockchain","Active","","Harbour Industrial Capital","NLS Ventures","O-DE Capital Partners","","","","",""
"Perena","","https://icodrops.com/media/cache/ae/d3/aed3b82607409dd91e031de7de175a4b.webp","https://icodrops.com/perena/","Points Farming","—","—","DeFi","Active","","YZi Labs (prev Binance Labs)","Maelstrom","SevenX Ventures","More Details","Solana","","",""
"Turtle.Club","TURTLE","https://icodrops.com/media/cache/c1/fe/c1fe7a6faca4df1ffffabc843d123c9a.webp","https://icodrops.com/turtle-club/","Incentivized Activities","$11.7 M","$41.88 M","Protocol","Active","","Amber Group","BitScale Capital","ConsenSys","More Details","","","",""
"Recall","","https://icodrops.com/media/cache/b9/52/b952d672de6f66e6706f1c23d2ebeac7.webp","https://icodrops.com/recall/","Point System Activity","—","—","Blockchain infrastr…","Active","","","","","","","","",""
"PIN AI","","https://icodrops.com/media/cache/78/0a/780ac0a487302c1740efb0df670cba9d.webp","https://icodrops.com/pin-ai/","Testnet","$10 M","—","Artificial Intellig…","Active","","Andreessen Horowitz (a16z)","Hack VC","Alumni Ventures","More Details","","","",""
"Snoopy AI Agent","SNOOPY","https://icodrops.com/media/cache/c9/03/c903abe009479fa6f765d0ae255e6140.webp","https://icodrops.com/snoopy-ai-agent/","Airdrop","$223 K","$14 M","Meme","Active","","Binance coin","","","","","","",""
"Cysic","","https://icodrops.com/media/cache/5a/40/5a404c38ae49ff6e550c0cdfdb7f20a5.webp","https://icodrops.com/cysic/","Incentivized Testnet","$18 M","$427.7 M","Infrastructure","Active","","Polychain Capital","HashKey Capital","OKX Ventures","More Details","Ethereum","","",""
"OpenEden","EDEN","https://icodrops.com/media/cache/dc/c1/dcc178e3c3747f5fea112b6be080425e.webp","https://icodrops.com/openeden/","Points Farming","$5 M","$35.1 M","RWA (Real World Ass…","Active","","YZi Labs (prev Binance Labs)","Faction","Selini Capital","More Details","","","",""
"Kuru","","https://icodrops.com/media/cache/f3/18/f318a86d03ad1939b6799042305092fd.webp","https://icodrops.com/kuru/","Incentivised Testnet","$13.6 M","—","DeFi","Active","","Brevan Howard","Electric Capital","Paradigm","More Details","Monad","","",""
"Try Your Best","","https://icodrops.com/media/cache/ec/44/ec447cc7337b834279992e0f90b00b2d.webp","https://icodrops.com/try-your-best/","Incentivized Activities","$20.8 M","—","Social","Active","","Strobe (Prev. BlockTower Capital)","Coinbase Ventures","Castle Island Ventures","More Details","Avalanche","","",""
"BTC Bull Token","BTCBULL","https://icodrops.com/media/cache/45/ea/45eae93534772b3bb3204610dc57840d.webp","https://icodrops.com/btc-bull-token/","Presale","$7.3 M","$54.08 M","Memecoin","Active","","","","","","","","",""
"Cogni AI Agents","COGNI","https://icodrops.com/media/cache/4a/3d/4a3de09fbe0b23e1c8b98e607f520f89.webp","https://icodrops.com/cogni-ai-agents/","Incentivized Activities","$219.6 K","$180 M","Artificial Intellig…","Active","","Ethereum","","","","","","",""
"Sophon","SOPH","https://icodrops.com/media/cache/94/0f/940f07ee345761bfbe9773f8e916b01a.webp","https://icodrops.com/sophon/","Incentivized Activities","$84.01 M","$84.38 M","Neobank","Active","","YZi Labs (prev Binance Labs)","HTX Ventures (previously Huobi Ventures)","Hypersphere Ventures","More Details","Sophon","","",""
"Kira Nexus","KLAI","https://icodrops.com/media/cache/0f/d9/0fd99f6c496da080acf802539ec26ddd.webp","https://icodrops.com/kira-nexus/","Presale","$7.21 M","—","Web 3.0","Active","","D5Wav","","","","","","",""
"BlockMesh Network","BMH","https://icodrops.com/media/cache/b7/e3/b7e3bfe36f488a72d2d89519eef77823.webp","https://icodrops.com/blockmesh-network/","Airdrop","—","—","Blockchain Service","Active","","","","","","","","",""
"Emmet Finance","EMMET","https://icodrops.com/media/cache/a8/25/a82513aecf025e20b2ad420578e0310c.webp","https://icodrops.com/emmet-finance/","Pre-Sale","—","$20 M","DeFi","Active","","Binance coin","","","","","","",""
"Durian.win","DUR","https://icodrops.com/media/cache/fe/76/fe762a473aee65c82f1d3ac267cdbafa.webp","https://icodrops.com/durianwin/","Airdrop","—","—","Trade","Active","","","","","","","","",""
"Ethereal","","https://icodrops.com/media/cache/c4/41/c44188a27f57038568b8c26934cf9b00.webp","https://icodrops.com/ethereal/","Points Farming","—","—","DEX","Active","","Ethena","","","","","","",""
"D3","","https://icodrops.com/media/cache/9d/9c/9d9c39a77dc342686c8c789955d44621.webp","https://icodrops.com/d3/","Incentivized Activities","$30 M","—","Blockchain Service","Active","","Paradigm","Coinbase Ventures","C2Ventures (Csquared)","More Details","","","",""
"RuneMine","MINE","https://icodrops.com/media/cache/d5/fc/d5fcb03f08325884d24adc430f2f3f81.webp","https://icodrops.com/runemine/","Genesis Round","$2 M","$147.1 K","Infrastructure","Active","","Bitcoin","","","","","","",""
"Talus network","","https://icodrops.com/media/cache/a2/e6/a2e6d893a874664de821f88c9cbfd2d3.webp","https://icodrops.com/talus-network/","Testnet","$10 M","$27.3 M","Blockchain Service","Active","","Polychain Capital","TRGC","Animoca Brands","More Details","","","",""
"XR One","XR","https://icodrops.com/media/cache/68/53/68533aa428fe99abd89631779b7383b7.webp","https://icodrops.com/xr-one/","Node Sale Round","$2.38 M","$80 M","Blockchain Service","Active","","Animoca Brands","Outlier Ventures","Acacia Digital Holdings","More Details","Arbitrum","","",""
"PinEye","PINEYE","https://icodrops.com/media/cache/ff/3d/ff3d90473ee02e3bb3363bde290bd48f.webp","https://icodrops.com/pineye/","Tap-to-Earn","—","$6.07 K","Gaming","Active","","Binance coin","","","","","","",""
"ODOS","","https://icodrops.com/media/cache/9c/c8/9cc81f591a7a857b3783cb1ea0f1c49d.webp","https://icodrops.com/odos/","Airdrop","—","$11.87 M","DeFi","Active","","CE Innovation Capital","Curved Ventures","Mantle","More Details","","","",""
"Crypto All-Stars","STARS","https://icodrops.com/media/cache/e7/1c/e71c03cf1764ff55e59a0457f5470c29.webp","https://icodrops.com/crypto-all-stars/","Presale","$15.32 M","—","Memecoin","Active","","","","","","","","",""
"Gevulot","","https://icodrops.com/media/cache/0b/99/0b993bf56fdb460fe186b37b92c98cf5.webp","https://icodrops.com/gevulot/","Node Sale Round","$6 M","—","Blockchain","Active","","Variant","Volt Capital","Alchemy","More Details","","","",""
"Pond","","https://icodrops.com/media/cache/38/ad/38ad1a7cf4c93c1096ef7b63911e3f16.webp","https://icodrops.com/pond/","Incentivized Activities","$7.5 M","—","Blockchain Service","Active","","Coinbase Ventures","Archetype","Delphi Ventures","More Details","","","",""
"Moonveil","","https://icodrops.com/media/cache/45/1b/451b2d426fc6ac5e2b274d12a965063a.webp","https://icodrops.com/moonveil/","Incentivized Activities","$11 M","$397.6 K","Gaming","Active","","gumi Cryptos Capital","HashKey Capital","IOSG Ventures","More Details","","","",""
"Naxy AI","NAXY","https://icodrops.com/media/cache/62/d8/62d8060825aa82c14bae134407fc7c5b.webp","https://icodrops.com/naxy-ai/","Presale","$135 K","—","Security","Active","","","","","","","","",""
"Humanity Protocol","","https://icodrops.com/media/cache/d9/1a/d91a65477cb580d01748eae2c3e4c156.webp","https://icodrops.com/humanity-protocol/","Points Farming","$50 M","$1.46 B","Infrastructure","Active","","Blockchain.com Ventures","Hashed","Mechanism Capital","More Details","","","",""
"Ithaca","","https://icodrops.com/media/cache/73/16/731644c684ee5273d4ccabe8cdc06784.webp","https://icodrops.com/ithaca/","Retroactive Airdrop","$20 M","—","Blockchain","Active","","Paradigm","","","","","","",""
"Flappy Bird","","https://icodrops.com/media/cache/62/94/6294ad0a54c3569f392458b18da1d05e.webp","https://icodrops.com/flappy-bird/","Tap-to-Earn","$2 M","—","Gaming","Active","","Big Brain Holdings","Kenetic Capital","Four Seasons Ventures (4SV)","More Details","The Open Network","","",""
"Dragonz Land","","https://icodrops.com/media/cache/5f/c9/5fc944f9d356fddd6485913d58db8208.webp","https://icodrops.com/dragonz-land/","Tap-to-Earn","$9 M","—","Gaming","Active","","Syndicate Capital Group","Venom","","","","","",""
"Milady Maker","","https://icodrops.com/media/cache/1e/42/1e42fd3060e4c73a8b61b1afc9228dfd.webp","https://icodrops.com/milady-maker/","NFT Sale","—","—","NFT","Active","","Ethereum","","","","","","",""
"Bitcoin Puppets","","https://icodrops.com/media/cache/08/ce/08ceec82ea33cddbbd946f1509163149.webp","https://icodrops.com/bitcoin-puppets/","NFT Sale","—","—","NFT","Active","","Bitcoin","","","","","","",""
"Seedworld","WORLD","https://icodrops.com/media/cache/e8/36/e836023e01790a464b318104f1d368a6.webp","https://icodrops.com/seedworld/","Seed Roots Sale","—","$30 M","Gaming","Active","","","","","","","","",""
"Paloma","GRAIN","https://icodrops.com/media/cache/ed/06/ed0683868b2538f865568dcf699efcac.webp","https://icodrops.com/paloma/","Node Sale Round","—","$43.68 M","Blockchain","Active","","Paloma","","","","","","",""
"EtherDrops","DPS","https://icodrops.com/media/cache/55/f8/55f89e24d20abb50ef249fd4973039d7.webp","https://icodrops.com/etherdrops/","Incentivized Activities","—","—","Perpetual","Active","","DWF Labs","Axia8 Ventures","Bithumb Global","More Details","","","",""
"StarryNift","","https://icodrops.com/media/cache/8f/13/8f13f58bc6b8a1320a8681da064b3e8d.webp","https://icodrops.com/starry-nift/","Airdrop","$10 M","—","Artificial Intellig…","Active","","YZi Labs (prev Binance Labs)","CoinGecko Ventures","OKX Ventures","More Details","Ethereum","","",""
"1win Token","1WIN","https://icodrops.com/media/cache/45/ad/45ad6a16d9c6a310d0ec42324b136efb.webp","https://icodrops.com/1win-token/","Tap-to-Earn","—","—","Gaming","Active","","The Open Network","","","","","","",""
"SnakeLite","SNAKE","https://icodrops.com/media/cache/8e/d0/8ed06de0bf1ee76ad8fc8b8d5a3b9ecd.webp","https://icodrops.com/snakelite/","Tap-to-Earn","$4 M","—","Gaming","Active","","Fenbushi Capital","HTX Ventures (previously Huobi Ventures)","Gate.io","More Details","The Open Network","","",""
"FullHouse","FH","https://icodrops.com/media/cache/2d/da/2dda42f982ebde038c948b5f3df66cd7.webp","https://icodrops.com/fullhouse/","Pre-Sale","—","$75 M","Gambling","Active","","Binance coin","","","","","","",""
"Farcaster","","https://icodrops.com/media/cache/a7/21/a7213cc2e4e70384b694f4006060e0f1.webp","https://icodrops.com/farcaster/","Possible Retrodrop","$180 M","$1 B","Social","Active","","1confirmation","Andreessen Horowitz (a16z)","Balaji Srinivasan","More Details","Own","","",""
"Andrena (dawn)","","https://icodrops.com/media/cache/e8/0e/e80e555b1a24e363f69a648216aaeead.webp","https://icodrops.com/andrena/","Points Farming","$48.5 M","—","DePIN","Active","","Polychain Capital","6MV (6th Man Ventures)","CMT Digital","More Details","","","",""
"Eclipse","ES","https://icodrops.com/media/cache/ac/65/ac657b50362f22763fd50338817ab97e.webp","https://icodrops.com/eclipse/","Airdrop for NFT Holders","$65 M","$137.9 M","Infrastructure","Active","","Delphi Digital (Delphi Labs)","Polychain Capital","Fenbushi Capital","More Details","Solana","","",""
"Sahara","SAHARA","https://icodrops.com/media/cache/cc/97/cc97f6b54ae9661ada55fe0168f47f0e.webp","https://icodrops.com/sahara-2/","Testnet","$51.5 M","$222.6 M","Artificial Intellig…","Active","","YZi Labs (prev Binance Labs)","Pantera Capital","Polychain Capital","More Details","","","",""
"Synnax Technologies","SYNAI","https://icodrops.com/media/cache/23/83/238379958b606f2afc5a9a8db7b22410.webp","https://icodrops.com/synnax-technologies/","Incentivized Activities","$1.55 M","—","Artificial Intellig…","Active","","BitScale Capital","Wintermute","Kenetic Capital","More Details","","","",""
"Zephyr","ZEFY","https://icodrops.com/media/cache/eb/90/eb9049f5bbd11b9afb6b36e40c31090a.webp","https://icodrops.com/zephyr/","Points Farming","$679 K","$5.5 M","DeFi","Active","","Solana","","","","","","",""
"Kuzco","","https://icodrops.com/media/cache/06/9f/069fd3d2003231d021e682aaf8298211.webp","https://icodrops.com/kuzco/","Incentivized Testnet","—","—","DePIN","Active","","Solana","","","","","","",""
"Sentient","SENT","https://icodrops.com/media/cache/af/e6/afe6eafe1bd9c1759dddbf81d1b6de81.webp","https://icodrops.com/sentient/","Airdrop","$92.6 M","$822.57 M","Artificial Intellig…","Active","","Framework Ventures","Pantera Capital","Arrington Capital","More Details","","","",""
"Grass","","https://icodrops.com/media/cache/fc/42/fc42ba1ce9ee185ffc5833829b63390a.webp","https://icodrops.com/grass/","Points Farming","$13.5 M","$301.9 M","Artificial Intellig…","Active","","Delphi Digital (Delphi Labs)","Polychain Capital","BitScale Capital","More Details","","","",""
"Rage Trade","RAGE","https://icodrops.com/media/cache/27/38/2738aa9d2f2cada2b1e0490badf8be60.webp","https://icodrops.com/rage-trade/","Point System Activity","$6 M","$25.2 K","Yield Aggregator","Active","","CMS Holdings","Lemniscap","mgnr.io","More Details","","","",""
"MagpieXYZ","MGP","https://icodrops.com/media/cache/a9/03/a90333aa7d30e5c96520f31f5192ad48.webp","https://icodrops.com/magpiexyz/","Points Farming","$2.75 M","$2.83 M","BNB Chain Ecosystem","Active","","Binance coin","","","","","","",""
"Fatty","FATTY","https://icodrops.com/media/cache/68/95/68954ae04244ae14df3beeadaf4524a5.webp","https://icodrops.com/fatty/","Airdrop","$1.51 M","$18 M","Play-To-Earn","Active","","Arbitrum","","","","","","",""
"Superposition","","https://icodrops.com/media/cache/fc/60/fc60177c3b0393b46f0ee8516490da23.webp","https://icodrops.com/superposition/","Incentivized Testnet","—","—","Blockchain","Active","","Arbitrum","","","","","","",""
"Zero Network","","https://icodrops.com/media/cache/18/71/187147a8be73288341714f67422d9526.webp","https://icodrops.com/zero-network/","Testnet Airdrop","—","—","Blockchain","Active","","","","","","","","",""
"MegaETH","MEGA","https://icodrops.com/media/cache/94/82/94827b9531e41d0f423ff3cf5f5f9e2d.webp","https://icodrops.com/megaeth/","Possible Retrodrop","$107.68 M","$1.34 B","Layer-2","Active","","Cobie","Vitalik Buterin","Dragonfly Capital","More Details","","","",""
"Nexis","","https://icodrops.com/media/cache/43/04/4304721bdb82750e704bc1204e54cdcb.webp","https://icodrops.com/nexis/","Incentivized Testnet","$1 M","—","Blockchain","Active","","Castrum Capital","","","","","","",""
"Lingo","LINGO","https://icodrops.com/media/cache/52/16/5216c479fd811c3744c50dbe04527752.webp","https://icodrops.com/lingo/","Airdrop","—","$8.64 M","RWA (Real World Ass…","Active","","Base","Solana","","","","","",""
"TapSwap","","https://icodrops.com/media/cache/72/35/723583183f8df5cfbce4249a715f8779.webp","https://icodrops.com/tapswap/","Tap-to-Earn","—","—","Gaming","Active","","The Open Network","","","","","","",""
"Haven1","H1","https://icodrops.com/media/cache/51/c2/51c2805bb656945b892a63abeaee76e0.webp","https://icodrops.com/haven1/","Incentivized Testnet","$4.6 M","$148.36 K","Blockchain","Active","","Animoca Brands","Kronos Research","Blockdaemon","More Details","","","",""
"BetFury","BFG","https://icodrops.com/media/cache/b6/e8/b6e81487d4fff69541993a1691892b36.webp","https://icodrops.com/betfury/","Airdrop","—","—","Gambling","Active","","Binance coin","","","","","","",""
"Bluwhale","BLUAI","https://icodrops.com/media/cache/5e/ec/5eecdb125892202b38d015b5d2fee230.webp","https://icodrops.com/bluwhale/","Point System Activity","$109.6 M","$48.7 M","Blockchain Service","Active","","DWF Labs","Momentum 6","MV Global","More Details","","","",""
"Catizen","CATI","https://icodrops.com/media/cache/09/70/09706632ff18bf6df801d366fc5a59b0.webp","https://icodrops.com/catizen/","Airdrop","—","$39.9 M","Gaming","Active","","YZi Labs (prev Binance Labs)","Mirana Ventures","NGC Ventures","More Details","The Open Network","Mantle","",""
"Reya (former Voltz)","REYA","https://icodrops.com/media/cache/57/6b/576b0ba0f2c68f626b0e1fc6612956d2.webp","https://icodrops.com/reya/","Incentive Activities","$16 M","$150 M","DeFi","Active","","Brevan Howard","Framework Ventures","Amber Group","More Details","","","",""
"Plume Network","PLUME","https://icodrops.com/media/cache/73/0c/730c6837af97cf4a3b23fafbacceae1a.webp","https://icodrops.com/plume-network/","Incentivized Testnet","$30 M","$119.8 M","Blockchain","Active","","YZi Labs (prev Binance Labs)","Brevan Howard","a_capital","More Details","Ethereum","","",""
"Sanctum","CLOUD","https://icodrops.com/media/cache/2c/67/2c6760da509f18c13429c5d93dd31847.webp","https://icodrops.com/sanctum/","Point System Activity","$13.6 M","$38.13 M","DeFi","Active","","Sequoia Capital","CMS Holdings","DeFiance Capital","More Details","Solana","","",""
"Blum","BLUM","https://icodrops.com/media/cache/8d/60/8d60da09a997e9b55bca7a571a461077.webp","https://icodrops.com/blum/","Tap-to-Earn","$5 M","$3.88 M","DeFi","Active","","YZi Labs (prev Binance Labs)","BitScale Capital","gumi Cryptos Capital","More Details","","","",""
"Nesa","NES","https://icodrops.com/media/cache/40/1e/401e9af4704b1d53a6c02dfec9da1bba.webp","https://icodrops.com/nesa/","Incentivized Activities","—","—","Blockchain","Active","","","","","","","","",""
"Element Market","","https://icodrops.com/media/cache/53/5f/535fc7bd541252016e8e0e07d336aeeb.webp","https://icodrops.com/element-market/","Stake/Farm","$4.6 M","—","Marketplace","Active","","","","","","","","",""
"ZKFair","ZKF","https://icodrops.com/media/cache/50/b4/50b4fe12ef9818e130d950a197998652.webp","https://icodrops.com/zkfair/","Stake/Farm","—","$200.9 K","Layer-2","Active","","Own","","","","","","",""
"Your Open Metaverse","YOM","https://icodrops.com/media/cache/5e/62/5e623123f54d95d71c17adc67112cd4a.webp","https://icodrops.com/your-open-metaverse/","Airdrops & Ecosystem Rewards","$3.08 M","$52.19 K","DePIN","Active","","Solana","","","","","","",""
"Analog","ANALOG","https://icodrops.com/media/cache/1a/9b/1a9b07a8d923fd75257acf4301f2774c.webp","https://icodrops.com/analog/","Incentivized Activities","$36 M","$1.17 M","Infrastructure","Active","+1","Balaji Srinivasan","Tribe Capital","Wintermute","More Details","Ethereum","Arbitrum","Astar","More Details"
"Router Protocol","ROUTE","https://icodrops.com/media/cache/a4/b8/a4b89af974a6e8c55e05aa3eeff72a28.webp","https://icodrops.com/router-protocol/","Testnet Airdrop","$4.96 M","$941.2 K","Infrastructure","Active","+4","Coinbase Ventures","Wintermute","Woodstock Fund","More Details","FANTOM","Optimism","Aurora","More Details"
"Ethena","USDe","https://icodrops.com/media/cache/ae/1b/ae1b9bcf67fc5eb345cc682b0ab6ace6.webp","https://icodrops.com/ethena/","Stake/Farm","$182.5 M","$1.77 B","DeFi","Active","","YZi Labs (prev Binance Labs)","Brevan Howard","Cobie","More Details","","","",""
"Azuki","","https://icodrops.com/media/cache/f3/28/f3282c1e6fcf4a54865eb9b5fe2c92a6.webp","https://icodrops.com/azuki/","Airdrop for NFT Holders","—","—","Yield Farming","Active","","Ethereum","Polygon (prev. Matic Network)","","","","","",""
"Overworld","","https://icodrops.com/media/cache/c9/4e/c94e10c7b30339a4a93d1f5a000aff22.webp","https://icodrops.com/overworld/","Airdrop for NFT Holders","$12.5 M","—","Gaming","Active","","DWF Labs","Hashed","HashKey Capital","More Details","","","",""
"MyShell","SHELL","https://icodrops.com/media/cache/12/a8/12a864db6aac76b39f2b3259a5f22e73.webp","https://icodrops.com/myshell/","Airdrop","$16.6 M","$26.99 M","Blockchain Service","Active","","Balaji Srinivasan","YZi Labs (prev Binance Labs)","Bankless","More Details","","","",""
"Holograph","HLG","https://icodrops.com/media/cache/82/59/8259c40d02a4574de1020f3e51231711.webp","https://icodrops.com/holograph/","Airdrop","$11 M","$22.75 K","NFT","Active","","gmoney","Mechanism Capital","Nick Chong","More Details","Ethereum","","",""
"Blackwing","","https://icodrops.com/media/cache/c1/dd/c1ddf4cac670586d19bf848abfb624c6.webp","https://icodrops.com/blackwing/","Airdrop","$4.5 M","—","DeFi","Active","","Fiskantes","gumi Cryptos Capital","Hashed","More Details","","","",""
"Taproot Labs","","https://icodrops.com/media/cache/e1/3e/e13e493bf73ed10bdac500575bd79a7a.webp","https://icodrops.com/taproot-labs/","Testnet Airdrop","—","—","Blockchain","Active","","Waterdrip Capital","BitValue Capital","Digital Pacific Holding","More Details","Bitcoin","","",""
"BSquared Network","","https://icodrops.com/media/cache/c2/c6/c2c69e4670cfa527557b08ba0fac5bbb.webp","https://icodrops.com/bsquared-network/","Airdrop","—","—","Blockchain Service","Active","","","","","","","","",""
"Rabby Wallet","","https://icodrops.com/media/cache/c3/b7/c3b7c8fc5aeacd3a0864936f82fd956b.webp","https://icodrops.com/rabby-wallet/","Points Farming","$25 M","—","Wallet","Active","","Sequoia Capital","Coinbase Ventures","Crypto.com","More Details","Ethereum","","",""
"ZeroLend","ZERO","https://icodrops.com/media/cache/74/eb/74ebaf90abd38a2fe73022a80f869fc9.webp","https://icodrops.com/zerolend/","Points Farming","$3 M","$72 K","Lending Platform","Active","","Morningstar Ventures","GBV Capital","Genblock Capital","More Details","zkSync","Manta Network","",""
"Xterio","XTER","https://icodrops.com/media/cache/00/26/002619d065a6087b45bd8e96cd99690c.webp","https://icodrops.com/xterio/","Airdrop for NFT Holders","$55 M","$21.03 M","Gaming","Active","","YZi Labs (prev Binance Labs)","HashKey Capital","Animoca Brands","More Details","","","",""
"Burnt Finance","BURNT","https://icodrops.com/media/cache/3f/65/3f65fcfc4179e11dc7d07ec7fb492d38.webp","https://icodrops.com/burnt-finance/","Testnet Airdrop","$36 M","$22.8 M","Blockchain","Active","","Multicoin Capital","Alliance","Arrington Capital","More Details","Burnt Finance","","",""
"Natix Network","NTXT","https://icodrops.com/media/cache/b1/d4/b1d48a0606c6fa01f8409198f8a45026.webp","https://icodrops.com/natix-network/","Incentive Activities","$13.1 M","$10.08 M","DePIN","Active","","Moonrock Capital","Big Brain Holdings","Blockchange Ventures","More Details","Own","","",""
"Cega","","https://icodrops.com/media/cache/86/89/8689b774327e93015fc406e4388dd444.webp","https://icodrops.com/cega/","Farming & Rewards","$9.3 M","—","DeFi","Active","","Pantera Capital","Coinbase Ventures","Dragonfly Capital","More Details","","","",""
"Setter","","https://icodrops.com/media/cache/ec/10/ec1082e7c8f4717e87b79d76146c5a3d.webp","https://icodrops.com/setter/","Points Farming","$5 M","—","Social","Active","","Andreessen Horowitz (a16z)","Marcy Venture Partners","Serena Williams","More Details","Multichain","","",""
"Ambit Finance","","https://icodrops.com/media/cache/16/c1/16c1d0678c9930dd75cc0cb732607123.webp","https://icodrops.com/ambit-finance/","Staking","$4.5 M","—","Lending Platform","Active","","YZi Labs (prev Binance Labs)","","","","","","",""
"Ekubo","","https://icodrops.com/media/cache/29/7e/297e001411a1d618e4886ecf7aed89a3.webp","https://icodrops.com/ekubo/","Points Farming","$12 M","$15.5 M","DeFi","Active","","Delphi Ventures","Uniswap","Ethereum","StarkNet","","","",""
"RISC Zero","","https://icodrops.com/media/cache/a8/79/a8797959ed92fb3a1523aae7cda03a8e.webp","https://icodrops.com/risc-zero/","Retrodrop","$54 M","—","Infrastructure","Active","","Bain Capital Ventures","Blockchain Capital","Delphi Digital (Delphi Labs)","More Details","","","",""
"Shrapnel","SHARP","https://icodrops.com/media/cache/b5/0a/b50aec1ceb106f78e38f4d2632d22234.webp","https://icodrops.com/shrapnel/","Airdrop for NFT Holders","$57.6 M","$4.32 M","Gaming","Active","","Brevan Howard","Polychain Capital","Dragonfly Capital","More Details","Ethereum","Avalanche","",""
"Base","","https://icodrops.com/media/cache/4e/5f/4e5fcab6f04a53563db4f2729064e2b7.webp","https://icodrops.com/base/","Retrodrop","—","—","Layer-2","Active","","Base","","","","","","",""
"Futureverse","","https://icodrops.com/media/cache/de/4f/de4fdf7f288597cc358d4f4620498bb3.webp","https://icodrops.com/futureverse/","Airdrop","$54 M","—","Metaverse","Active","","Animoca Brands","10T Holdings","Ripple","","","","",""
"Morpho","MORPHO","https://icodrops.com/media/cache/a0/13/a0136527c1d8e105cbdc632b8bc514b9.webp","https://icodrops.com/morpho/","Points Farming","$69.35 M","$1.95 B","Lending Platform","Active","","Andreessen Horowitz (a16z)","Brevan Howard","Pantera Capital","More Details","","","",""
"Shardeum","SHM","https://icodrops.com/media/cache/98/d0/98d07e41125312bd1759c9ae38d6a25c.webp","https://icodrops.com/shardeum/","Testnet Airdrop","$31.72 M","$5.31 M","Infrastructure","Active","","Balaji Srinivasan","Amber Group","CoinGecko Ventures","More Details","","","",""
"Dune Analytics","","https://icodrops.com/media/cache/1d/a8/1da829364aaa9f9f63ed89a291e342d2.webp","https://icodrops.com/dune-analytics/","Retrodrop","$79.42 M","—","Blockchain Service","Active","","Multicoin Capital","Union Square Ventures","Coinbase Ventures","More Details","","","",""
"Alongside","AMKT","https://icodrops.com/media/cache/63/1e/631eacc185f87c885cf64bd07e5e4aa0.webp","https://icodrops.com/alongside/","Early users Airdrop","$11 M","$724.13 K","Index","Active","","Andreessen Horowitz (a16z)","Coinbase Ventures","Franklin Templeton","More Details","","","",""
"Gyroscope","GYD","https://icodrops.com/media/cache/27/3b/273b390532060b7cf88c604b3c06cfa1.webp","https://icodrops.com/gyroscope/","Retrodrop","$4.5 M","—","Stablecoin Issuer","Active","","Fernando Martinelli","Galaxy","Archetype","More Details","","","",""
"Lens Protocol","","https://icodrops.com/media/cache/0a/da/0adae56e8f8d1a3b4d934def27c32a58.webp","https://icodrops.com/lens-protocol/","Retrodrop","$46 M","—","Blockchain Service","Active","","Balaji Srinivasan","Blockchain Capital","Delphi Digital (Delphi Labs)","More Details","Polygon (prev. Matic Network)","","",""
"Ceramic","","https://icodrops.com/media/cache/f2/0f/f20f65ee8a3ed3c7321f3b92d279ff6a.webp","https://icodrops.com/ceramic/","Retrodrop","$30 M","—","Network","Active","","Jump Crypto","Multicoin Capital","Union Square Ventures","More Details","","","",""
"Obol Network","","https://icodrops.com/media/cache/e6/95/e695eb8f5ed2a5929307248d6fcff7bd.webp","https://icodrops.com/obol-network/","Retrodrop","$6.15 M","—","Network","Active","","Delphi Digital (Delphi Labs)","Alliance","Coinbase Ventures","More Details","","","",""
"Zapper","ZAP","https://icodrops.com/media/cache/67/38/673857fa9e0f4fb856d8dce8224fb2d4.webp","https://icodrops.com/zapper/","Retrodrop","$16.5 M","—","Blockchain Service","Active","","Framework Ventures","Mark Cuban","MetaCartel Ventures","More Details","","","",""
"Argent","","https://icodrops.com/media/cache/a8/cc/a8cc3778f9ac7d85a6157c94516aa6ad.webp","https://icodrops.com/argent/","Retrodrop","$56 M","—","Wallet","Active","","Paradigm","Fabric Ventures","Jump Capital","More Details","","","",""
"ZetaChain","ZETA","https://icodrops.com/media/cache/e6/87/e687dd3c204dc5652596ba73d10b5173.webp","https://icodrops.com/zetachain/","Airdrop","$27 M","$104.6 M","Blockchain","Active","","Blockchain.com Ventures","CMT Digital","Jane Street Capital","More Details","Ethereum","","",""
"DegenScore","","https://icodrops.com/media/cache/1c/54/1c54c2df5b0b589a54b0ef303243e207.webp","https://icodrops.com/degenscore_/","Airdrop for NFT Holders","—","—","Platform","Active","","","","","","","","",""
"Zerion","","https://icodrops.com/media/cache/96/18/9618ff73fc4664b316b6a00eb72d8f52.webp","https://icodrops.com/zerion/","Possible Retrodrop","$22.5 M","—","Wallet","Active","","Alliance","BitScale Capital","Coinbase Ventures","More Details","","","",""
"Debank","","https://icodrops.com/media/cache/a7/2e/a72e347a72efde06055362e3c9a5f0e8.webp","https://icodrops.com/debank/","Points Farming","$25 M","—","Blockchain Service","Active","","HongShan (ex-Sequoia China)","Coinbase Ventures","Crypto.com","More Details","Ethereum","Polygon (ex-Matic Network)","",""
"Aleo","ALEO","https://icodrops.com/media/cache/74/91/7491fce8c964b6d320f2f68d0afff82a.webp","https://icodrops.com/aleo/","Airdrop","$298 M","$125.47 M","Zero Knowledge","Active","","Andreessen Horowitz (a16z)","Balaji Srinivasan","Polychain Capital","More Details","","","",""
"Orbiter Finance","OBT","https://icodrops.com/media/cache/d3/9e/d39e332ae7a0d16b1abf90ad17d517c4.webp","https://icodrops.com/orbiter-finance/","Retrodrop","—","$12.65 M","Infrastructure","Active","","Amber Group","Lemniscap","OKX Ventures","More Details","","","",""
"Thetanuts Finance","NUTS","https://icodrops.com/media/cache/cf/f6/cff63a878d832a050381e738e84df673.webp","https://icodrops.com/thetanuts-finance/","Airdrop","$35 M","—","Protocol","Active","","Polychain Capital","Crypto.com","Jump Capital","More Details","","","",""
"KiloEx","","https://icodrops.com/media/cache/61/55/6155b4ef5e801dd54ebfc3c9a7323f41.webp","https://icodrops.com/kiloex/","Points Farming","$750 K","$7.01 M","DEX","Active","","YZi Labs (prev Binance Labs)","7UpDAO","Foresight Ventures","More Details","Binance coin","","",""
"Kinza","KZA","https://icodrops.com/media/cache/ef/b2/efb2c260159055217513ed82ec8ff70d.webp","https://icodrops.com/kinza/","Airdrop","—","—","DeFi","Active","","YZi Labs (prev Binance Labs)","GTS Ventures","","","","","",""